Workbook

Sheet Start_Here
B2: 🎓 Thesis & Survey Statistics Master Template (APA 7th Edition)
B3: Ready-made statistical engine for Psychology, Cognitive Science, and Social Science research.
B5: Color Code Legend
B6: 🟩 Light Green Cells | C6: DATA INPUT: Paste your raw survey item scores or values here.
B7: 🟦 Soft Blue Cells | C7: AUTOMATED FORMULAS: Do not edit; calculated dynamically.
B8: 🟨 Gold / Yellow Cells | C8: KEY APA SUMMARY RESULTS: Ready to paste into your thesis.
B10: Quick 5-Step Workflow
B11: Step 1: Codebook | C11: Review the 'Codebook' tab to verify item names, scale ranges, and reverse scoring rules.
B12: Step 2: Paste Raw Data | C12: Paste your participants' responses into 'Raw_Data' (sample 50 participants included).
B13: Step 3: Check Reliability | C13: View 'Reliability_Analysis' to verify Cronbach's Alpha (α ≥ .70 is considered acceptable).
B14: Step 4: Check Hypotheses | C14: Check 'Hypothesis_tTests' for group differences and Cohen's d effect sizes.
B15: Step 5: Copy APA Tables | C15: Copy pre-formatted tables from 'APA7_Formatted_Tables' straight into Word or Google Docs.
B17: Recommended Citation in Thesis: | C17: Statistical analyses were conducted using the APA 7th Edition Survey Analysis Framework.

Sheet Codebook
A1: Variable Codebook & Measurement Specifications
A3: Variable ID | B3: Construct / Measure Name | C3: Items Count | D3: Response Scale | E3: Reverse-Scored Items | F3: Scoring Method
A4: PID | B4: Participant Identifier | C4: 1 | D4: Alphanumeric (P001...) | E4: None | F4: Unique ID
A5: Gender | B5: Self-reported Gender | C5: 1 | D5: 1 = Female, 2 = Male, 3 = Other | E5: None | F5: Categorical Grouping
A6: Age | B6: Participant Age | C6: 1 | D6: Continuous (Years) | E6: None | F6: Numeric Demographic
A7: Group | B7: Intervention Condition | C7: 1 | D7: 1 = Control, 2 = Treatment | E7: None | F7: Independent Variable
A8: PSS_Total | B8: Perceived Stress Scale (PSS-10) | C8: 10 | D8: 1 = Never to 5 = Very Often | E8: Items 4, 5, 7, 8 (Reverse) | F8: Mean Composite Score
A9: Sleep_Total | B9: Sleep Quality Index (PSQI-7) | C9: 7 | D9: 1 = Very Poor to 5 = Very Good | E9: None | F9: Mean Composite Score
A10: GPA | B10: Academic Performance (GPA) | C10: 1 | D10: 0.00 to 4.00 Grade Point | E10: None | F10: Continuous Outcome
A13: 💡 How to Reverse-Score Negative Survey Items in Excel
A14: Formula: = (ScaleMax + ScaleMin) - RawScore. For example, on a 1-to-5 Likert scale: = 6 - RawScore (so 1 becomes 5, 2 becomes 4, etc.).

Sheet Raw_Data
A1: Participant_ID | B1: Gender | C1: Age | D1: Group | E1: PSS_1 | F1: PSS_2 | G1: PSS_3 | H1: PSS_4_Rev | I1: PSS_5_Rev | J1: PSS_6 | K1: PSS_7_Rev | L1: PSS_8_Rev | M1: PSS_9 | N1: PSS_10 | O1: Sleep_1 | P1: Sleep_2 | Q1: Sleep_3 | R1: Sleep_4 | S1: Sleep_5 | T1: Sleep_6 | U1: Sleep_7 | V1: GPA | W1: PSS_Mean | X1: Sleep_Mean
A2: P001 | B2: 2 | C2: 20 | D2: 1 | E2: 4 | F2: 3 | G2: 3 | H2: 4 | I2: 2 | J2: 1 | K2: 4 | L2: 3 | M2: 3 | N2: 3 | O2: 2 | P2: 2 | Q2: 3 | R2: 3 | S2: 2 | T2: 2 | U2: 1 | V2: 2.71 | W2: =AVERAGE(E2:N2) | X2: =AVERAGE(O2:U2)
A3: P002 | B3: 1 | C3: 21 | D3: 1 | E3: 3 | F3: 2 | G3: 4 | H3: 5 | I3: 3 | J3: 3 | K3: 4 | L3: 4 | M3: 2 | N3: 2 | O3: 2 | P3: 1 | Q3: 3 | R3: 2 | S3: 1 | T3: 2 | U3: 1 | V3: 2.61 | W3: =AVERAGE(E3:N3) | X3: =AVERAGE(O3:U3)
A4: P003 | B4: 1 | C4: 22 | D4: 1 | E4: 3 | F4: 3 | G4: 3 | H4: 4 | I4: 3 | J4: 3 | K4: 3 | L4: 3 | M4: 2 | N4: 2 | O4: 2 | P4: 3 | Q4: 2 | R4: 4 | S4: 2 | T4: 2 | U4: 3 | V4: 3.31 | W4: =AVERAGE(E4:N4) | X4: =AVERAGE(O4:U4)
A5: P004 | B5: 1 | C5: 26 | D5: 1 | E5: 1 | F5: 5 | G5: 2 | H5: 2 | I5: 2 | J5: 1 | K5: 3 | L5: 2 | M5: 4 | N5: 3 | O5: 2 | P5: 3 | Q5: 4 | R5: 2 | S5: 2 | T5: 3 | U5: 1 | V5: 3.29 | W5: =AVERAGE(E5:N5) | X5: =AVERAGE(O5:U5)
A6: P005 | B6: 2 | C6: 21 | D6: 1 | E6: 3 | F6: 3 | G6: 2 | H6: 3 | I6: 1 | J6: 2 | K6: 2 | L6: 3 | M6: 4 | N6: 3 | O6: 2 | P6: 2 | Q6: 3 | R6: 3 | S6: 2 | T6: 2 | U6: 3 | V6: 3.05 | W6: =AVERAGE(E6:N6) | X6: =AVERAGE(O6:U6)
A7: P006 | B7: 2 | C7: 27 | D7: 1 | E7: 3 | F7: 4 | G7: 4 | H7: 2 | I7: 4 | J7: 4 | K7: 3 | L7: 2 | M7: 3 | N7: 3 | O7: 2 | P7: 2 | Q7: 2 | R7: 1 | S7: 3 | T7: 2 | U7: 2 | V7: 2.94 | W7: =AVERAGE(E7:N7) | X7: =AVERAGE(O7:U7)
A8: P007 | B8: 2 | C8: 23 | D8: 1 | E8: 3 | F8: 2 | G8: 3 | H8: 4 | I8: 4 | J8: 5 | K8: 4 | L8: 2 | M8: 2 | N8: 2 | O8: 3 | P8: 3 | Q8: 4 | R8: 2 | S8: 2 | T8: 3 | U8: 2 | V8: 2.91 | W8: =AVERAGE(E8:N8) | X8: =AVERAGE(O8:U8)
A9: P008 | B9: 2 | C9: 26 | D9: 1 | E9: 4 | F9: 1 | G9: 2 | H9: 3 | I9: 2 | J9: 1 | K9: 3 | L9: 4 | M9: 1 | N9: 2 | O9: 3 | P9: 2 | Q9: 2 | R9: 1 | S9: 1 | T9: 3 | U9: 1 | V9: 3.33 | W9: =AVERAGE(E9:N9) | X9: =AVERAGE(O9:U9)
A10: P009 | B10: 2 | C10: 20 | D10: 1 | E10: 3 | F10: 3 | G10: 4 | H10: 3 | I10: 3 | J10: 3 | K10: 3 | L10: 3 | M10: 3 | N10: 3 | O10: 2 | P10: 3 | Q10: 2 | R10: 3 | S10: 1 | T10: 2 | U10: 3 | V10: 2.73 | W10: =AVERAGE(E10:N10) | X10: =AVERAGE(O10:U10)
A11: P010 | B11: 1 | C11: 26 | D11: 1 | E11: 3 | F11: 2 | G11: 4 | H11: 3 | I11: 2 | J11: 3 | K11: 3 | L11: 2 | M11: 3 | N11: 3 | O11: 2 | P11: 3 | Q11: 3 | R11: 2 | S11: 3 | T11: 3 | U11: 2 | V11: 3.05 | W11: =AVERAGE(E11:N11) | X11: =AVERAGE(O11:U11)
A12: P011 | B12: 1 | C12: 20 | D12: 1 | E12: 1 | F12: 3 | G12: 3 | H12: 3 | I12: 4 | J12: 3 | K12: 5 | L12: 3 | M12: 3 | N12: 3 | O12: 2 | P12: 2 | Q12: 2 | R12: 2 | S12: 1 | T12: 4 | U12: 2 | V12: 3.39 | W12: =AVERAGE(E12:N12) | X12: =AVERAGE(O12:U12)
A13: P012 | B13: 2 | C13: 23 | D13: 1 | E13: 1 | F13: 4 | G13: 4 | H13: 3 | I13: 3 | J13: 2 | K13: 2 | L13: 5 | M13: 2 | N13: 2 | O13: 2 | P13: 2 | Q13: 2 | R13: 2 | S13: 3 | T13: 2 | U13: 3 | V13: 2.93 | W13: =AVERAGE(E13:N13) | X13: =AVERAGE(O13:U13)
... A51: P050 | B51: 1 | C51: 25 | D51: 2 | E51: 3 | F51: 1 | G51: 3 | H51: 2 | I51: 4 | J51: 2 | K51: 1 | L51: 1 | M51: 2 | N51: 2 | O51: 4 | P51: 2 | Q51: 3 | R51: 4 | S51: 4 | T51: 5 | U51: 3 | V51: 3.42 | W51: =AVERAGE(E51:N51) | X51: =AVERAGE(O51:U51)

Sheet Reliability_Analysis
B2: Internal Consistency Analysis (Cronbach's Alpha α)
B3: Formula: α = [k / (k - 1)] * [1 - (Σ s_i² / s_total²)]
B5: Scale 1: Perceived Stress Scale (PSS-10) | E5: Scale 2: Sleep Quality Index (7 items)
B6: Item | C6: Item Variance (s_i²) | D6: Item Mean (M) | E6: Item | F6: Item Variance (s_i²) | G6: Item Mean (M)
B7: PSS_Item_1 | C7: =VAR.S(Raw_Data!E2:E51) | D7: =AVERAGE(Raw_Data!E2:E51) | E7: Sleep_Item_1 | F7: =VAR.S(Raw_Data!O2:O51) | G7: =AVERAGE(Raw_Data!O2:O51)
B8: PSS_Item_2 | C8: =VAR.S(Raw_Data!F2:F51) | D8: =AVERAGE(Raw_Data!F2:F51) | E8: Sleep_Item_2 | F8: =VAR.S(Raw_Data!P2:P51) | G8: =AVERAGE(Raw_Data!P2:P51)
B9: PSS_Item_3 | C9: =VAR.S(Raw_Data!G2:G51) | D9: =AVERAGE(Raw_Data!G2:G51) | E9: Sleep_Item_3 | F9: =VAR.S(Raw_Data!Q2:Q51) | G9: =AVERAGE(Raw_Data!Q2:Q51)
B10: PSS_Item_4 | C10: =VAR.S(Raw_Data!H2:H51) | D10: =AVERAGE(Raw_Data!H2:H51) | E10: Sleep_Item_4 | F10: =VAR.S(Raw_Data!R2:R51) | G10: =AVERAGE(Raw_Data!R2:R51)
B11: PSS_Item_5 | C11: =VAR.S(Raw_Data!I2:I51) | D11: =AVERAGE(Raw_Data!I2:I51) | E11: Sleep_Item_5 | F11: =VAR.S(Raw_Data!S2:S51) | G11: =AVERAGE(Raw_Data!S2:S51)
B12: PSS_Item_6 | C12: =VAR.S(Raw_Data!J2:J51) | D12: =AVERAGE(Raw_Data!J2:J51) | E12: Sleep_Item_6 | F12: =VAR.S(Raw_Data!T2:T51) | G12: =AVERAGE(Raw_Data!T2:T51)
B13: PSS_Item_7 | C13: =VAR.S(Raw_Data!K2:K51) | D13: =AVERAGE(Raw_Data!K2:K51) | E13: Sleep_Item_7 | F13: =VAR.S(Raw_Data!U2:U51) | G13: =AVERAGE(Raw_Data!U2:U51)
B14: PSS_Item_8 | C14: =VAR.S(Raw_Data!L2:L51) | D14: =AVERAGE(Raw_Data!L2:L51) | E14: Number of Items (k) | F14: 7
B15: PSS_Item_9 | C15: =VAR.S(Raw_Data!M2:M51) | D15: =AVERAGE(Raw_Data!M2:M51) | E15: Sum of Item Variances (Σ s_i²) | F15: =SUM(F7:F13)
B16: PSS_Item_10 | C16: =VAR.S(Raw_Data!N2:N51) | D16: =AVERAGE(Raw_Data!N2:N51) | E16: Variance of Total Score (s_total²) | F16: =VAR.S(Raw_Data!X2:X51)*49
B17: Number of Items (k) | C17: 10 | E17: Cronbach's Alpha (α) | F17: =(F14/(F14-1))*(1-(F15/F16))
B18: Sum of Item Variances (Σ s_i²) | C18: =SUM(C7:C16) | E18: Internal Consistency Rating | F18: =IF(F17>=0.9,"Excellent (α ≥ .90)",IF(F17>=0.8,"Good (.80 ≤ α < .90)",IF(F17>=0.7,"Acceptable (.70 ≤ α < .80)",IF(F17>=0.6,"Questionable (.60 ≤ α < .70)","Poor (α < .60)"))))
B19: Variance of Total Score (s_total²) | C19: =VAR.S(Raw_Data!W2:W51)*100
B20: Cronbach's Alpha (α) | C20: =(C17/(C17-1))*(1-(C18/C19))
B21: Internal Consistency Rating | C21: =IF(C20>=0.9,"Excellent (α ≥ .90)",IF(C20>=0.8,"Good (.80 ≤ α < .90)",IF(C20>=0.7,"Acceptable (.70 ≤ α < .80)",IF(C20>=0.6,"Questionable (.60 ≤ α < .70)","Poor (α < .60)"))))

Sheet Descriptives
A1: Summary Descriptive Statistics & Normality Check
A3: Variable Name | B3: N | C3: Mean (M) | D3: Std Dev (SD) | E3: Median | F3: Variance | G3: Min | H3: Max | I3: Skewness | J3: Kurtosis | K3: Normality
A4: Perceived Stress (PSS Mean) | B4: =COUNT(Raw_Data!W2:W51) | C4: =AVERAGE(Raw_Data!W2:W51) | D4: =STDEV.S(Raw_Data!W2:W51) | E4: =MEDIAN(Raw_Data!W2:W51) | F4: =VAR.S(Raw_Data!W2:W51) | G4: =MIN(Raw_Data!W2:W51) | H4: =MAX(Raw_Data!W2:W51) | I4: =SKEW(Raw_Data!W2:W51) | J4: =KURT(Raw_Data!W2:W51) | K4: =IF(AND(I4>=-1.5,I4<=1.5,J4>=-1.5,J4<=1.5),"Normal (|z| < 1.5)","Check Distribution")
A5: Sleep Quality (Sleep Mean) | B5: =COUNT(Raw_Data!X2:X51) | C5: =AVERAGE(Raw_Data!X2:X51) | D5: =STDEV.S(Raw_Data!X2:X51) | E5: =MEDIAN(Raw_Data!X2:X51) | F5: =VAR.S(Raw_Data!X2:X51) | G5: =MIN(Raw_Data!X2:X51) | H5: =MAX(Raw_Data!X2:X51) | I5: =SKEW(Raw_Data!X2:X51) | J5: =KURT(Raw_Data!X2:X51) | K5: =IF(AND(I5>=-1.5,I5<=1.5,J5>=-1.5,J5<=1.5),"Normal (|z| < 1.5)","Check Distribution")
A6: Academic GPA | B6: =COUNT(Raw_Data!V2:V51) | C6: =AVERAGE(Raw_Data!V2:V51) | D6: =STDEV.S(Raw_Data!V2:V51) | E6: =MEDIAN(Raw_Data!V2:V51) | F6: =VAR.S(Raw_Data!V2:V51) | G6: =MIN(Raw_Data!V2:V51) | H6: =MAX(Raw_Data!V2:V51) | I6: =SKEW(Raw_Data!V2:V51) | J6: =KURT(Raw_Data!V2:V51) | K6: =IF(AND(I6>=-1.5,I6<=1.5,J6>=-1.5,J6<=1.5),"Normal (|z| < 1.5)","Check Distribution")
A7: Participant Age | B7: =COUNT(Raw_Data!C2:C51) | C7: =AVERAGE(Raw_Data!C2:C51) | D7: =STDEV.S(Raw_Data!C2:C51) | E7: =MEDIAN(Raw_Data!C2:C51) | F7: =VAR.S(Raw_Data!C2:C51) | G7: =MIN(Raw_Data!C2:C51) | H7: =MAX(Raw_Data!C2:C51) | I7: =SKEW(Raw_Data!C2:C51) | J7: =KURT(Raw_Data!C2:C51) | K7: =IF(AND(I7>=-1.5,I7<=1.5,J7>=-1.5,J7<=1.5),"Normal (|z| < 1.5)","Check Distribution")
A10: Note: Skewness and kurtosis values between -1.5 and +1.5 indicate acceptable univariate normality for parametric tests.

Sheet Hypothesis_tTests
B2: Inferential Statistics: Independent Samples t-Test
B3: Testing differences between Control Group (Group = 1) vs Intervention Group (Group = 2)
B5: Primary Outcome 1: Perceived Stress Scale (PSS)
B6: Control Group Sample Size (n1) | C6: 25
B7: Treatment Group Sample Size (n2) | C7: 25
B8: Control Mean (M1) | C8: =AVERAGE(Raw_Data!W2:W26)
B9: Control Std Dev (SD1) | C9: =STDEV.S(Raw_Data!W2:W26)
B10: Treatment Mean (M2) | C10: =AVERAGE(Raw_Data!W27:W51)
B11: Treatment Std Dev (SD2) | C11: =STDEV.S(Raw_Data!W27:W51)
B12: Degrees of Freedom (df = n1 + n2 - 2) | C12: =C6+C7-2
B13: Pooled Standard Deviation (s_p) | C13: =SQRT((((C6-1)*(C9^2))+((C7-1)*(C11^2)))/C12)
B14: t-Statistic | C14: =(C8-C10)/(C13*SQRT((1/C6)+(1/C7)))
B15: p-Value (Two-tailed) | C15: =T.TEST(Raw_Data!W2:W26,Raw_Data!W27:W51,2,2)
B16: Cohen's d Effect Size | C16: =ABS(C8-C10)/C13
B17: Effect Size Interpretation | C17: =IF(C16>=0.8,"Large Effect (d ≥ 0.80)",IF(C16>=0.5,"Medium Effect (d ≥ 0.50)",IF(C16>=0.2,"Small Effect (d ≥ 0.20)","Negligible (d < 0.20)")))
B19: 📝 APA 7th Edition Ready Write-Up (Copy directly to Thesis Results):
B20: ="An independent samples t-test revealed that participants in the intervention condition (M = " & TEXT(C10,"0.00") & ", SD = " & TEXT(C11,"0.00") & ") reported significantly lower stress than participants in the control condition (M = " & TEXT(C8,"0.00") & ", SD = " & TEXT(C9,"0.00") & "), t(" & C12 & ") = " & TEXT(C14,"0.00") & ", p " & IF(C15<0.001,"< .001","= " & TEXT(C15,".000")) & ", d = " & TEXT(C16,"0.00") & "."

Sheet Correlation_Matrix
A1: Bivariate Pearson Correlation Matrix (r)
A3: Variable | B3: M | C3: SD | D3: 1 | E3: 2 | F3: 3 | G3: 4
A4: 1. Perceived Stress | B4: =AVERAGE(Raw_Data!W2:W51) | C4: =STDEV.S(Raw_Data!W2:W51) | D4: —
A5: 2. Sleep Quality | B5: =AVERAGE(Raw_Data!X2:X51) | C5: =STDEV.S(Raw_Data!X2:X51) | D5: =CORREL(Raw_Data!X2:X51, Raw_Data!W2:W51) | E5: —
A6: 3. Academic GPA | B6: =AVERAGE(Raw_Data!V2:V51) | C6: =STDEV.S(Raw_Data!V2:V51) | D6: =CORREL(Raw_Data!V2:V51, Raw_Data!W2:W51) | E6: =CORREL(Raw_Data!V2:V51, Raw_Data!X2:X51) | F6: —
A7: 4. Age | B7: =AVERAGE(Raw_Data!C2:C51) | C7: =STDEV.S(Raw_Data!C2:C51) | D7: =CORREL(Raw_Data!C2:C51, Raw_Data!W2:W51) | E7: =CORREL(Raw_Data!C2:C51, Raw_Data!X2:X51) | F7: =CORREL(Raw_Data!C2:C51, Raw_Data!V2:V51) | G7: —
A9: Note. N = 50. Correlation values in lower diagonal. * p < .05. ** p < .01.

Sheet APA7_Formatted_Tables
B2: Table 1
B3: Descriptive Statistics, Internal Reliability, and Intercorrelations for Study Variables
B5: Variable | C5: M | D5: SD | E5: α | F5: 1 | G5: 2 | H5: 3
B6: 1. Perceived Stress | C6: =Descriptives!C4 | D6: =Descriptives!D4 | E6: =Reliability_Analysis!C20 | F6: —
B7: 2. Sleep Quality | C7: =Descriptives!C5 | D7: =Descriptives!D5 | E7: =Reliability_Analysis!F17 | F7: =Correlation_Matrix!D5 | G7: —
B8: 3. Academic GPA | C8: =Descriptives!C6 | D8: =Descriptives!D6 | E8: — | F8: =Correlation_Matrix!D6 | G8: =Correlation_Matrix!E6 | H8: —
B10: Note. N = 50. M = mean; SD = standard deviation; α = Cronbach's alpha reliability coefficient.
B11: * p < .05. ** p < .01 (two-tailed).
